{"cameraMode":{"drawMode":0,"name":"Shaded","section":"Shading Mode"},"sceneLighting":true,"audioPlay":false,"sceneViewState":{"showFog":true,"showMaterialUpdate":false,"showSkybox":true,"showFlares":true,"showImageEffects":true,"showParticleSystems":true},"in2DMode":false,"pivot":{"x":-7.059567451477051,"y":3.7815840244293215,"z":-28.52423095703125},"rotation":{"x":-0.3788599371910095,"y":0.609550952911377,"z":-0.41061365604400637,"w":-0.5624138116836548},"size":40.73432922363281,"orthographic":false}