{"cameraMode":{"drawMode":0,"name":"Shaded","section":"Shading Mode"},"sceneLighting":true,"audioPlay":false,"sceneViewState":{"showFog":true,"showMaterialUpdate":true,"showSkybox":true,"showFlares":true,"showImageEffects":true,"showParticleSystems":true},"in2DMode":false,"pivot":{"x":-1.1865564584732056,"y":-0.1338472217321396,"z":0.5937265753746033},"rotation":{"x":0.15656545758247376,"y":0.81977379322052,"z":-0.2660394012928009,"w":0.4824124574661255},"size":8.655027389526368,"orthographic":false}