{"cameraMode":{"drawMode":0,"name":"Shaded","section":"Shading Mode"},"sceneLighting":false,"audioPlay":false,"sceneViewState":{"showFog":true,"showMaterialUpdate":true,"showSkybox":true,"showFlares":true,"showImageEffects":true,"showParticleSystems":true},"in2DMode":false,"pivot":{"x":-17.87985610961914,"y":-6.803203105926514,"z":7.018216133117676},"rotation":{"x":-0.17270469665527345,"y":0.5769332051277161,"z":-0.12645889818668366,"w":-0.7882747650146484},"size":32.674560546875,"orthographic":false}