{"cameraMode":{"drawMode":0,"name":"Shaded","section":"Shading Mode"},"sceneLighting":false,"audioPlay":false,"sceneViewState":{"showFog":true,"showMaterialUpdate":true,"showSkybox":true,"showFlares":true,"showImageEffects":true,"showParticleSystems":true},"in2DMode":false,"pivot":{"x":-14.754961967468262,"y":19.039920806884767,"z":-13.699983596801758},"rotation":{"x":0.14958028495311738,"y":-0.7753316164016724,"z":0.20023445785045625,"w":0.5800961256027222},"size":24.1173095703125,"orthographic":false}