{"cameraMode":{"drawMode":0,"name":"Shaded","section":"Shading Mode"},"sceneLighting":false,"audioPlay":false,"sceneViewState":{"showFog":true,"showMaterialUpdate":true,"showSkybox":false,"showFlares":true,"showImageEffects":true,"showParticleSystems":true},"in2DMode":false,"pivot":{"x":-5.162792682647705,"y":-4.325316905975342,"z":-4.857306003570557},"rotation":{"x":-0.32893702387809756,"y":0.14901816844940186,"z":-0.05266280844807625,"w":-0.9310554265975952},"size":4.651167392730713,"orthographic":false}