{"cameraMode":{"drawMode":0,"name":"Shaded","section":"Shading Mode"},"sceneLighting":true,"audioPlay":false,"sceneViewState":{"showFog":true,"showMaterialUpdate":false,"showSkybox":true,"showFlares":true,"showImageEffects":true,"showParticleSystems":true},"in2DMode":false,"pivot":{"x":3.9686601161956789,"y":89.59928131103516,"z":-12.895217895507813},"rotation":{"x":-0.032046571373939517,"y":-0.06642871350049973,"z":0.002155258785933256,"w":-0.9972893595695496},"size":12.946645736694336,"orthographic":false}