{"cameraMode":{"drawMode":0,"name":"Shaded","section":"Shading Mode"},"sceneLighting":false,"audioPlay":false,"sceneViewState":{"showFog":true,"showMaterialUpdate":false,"showSkybox":false,"showFlares":true,"showImageEffects":true,"showParticleSystems":true},"in2DMode":false,"pivot":{"x":-7.559999942779541,"y":31.239999771118165,"z":8.619999885559082},"rotation":{"x":0.16966582834720612,"y":0.40385010838508608,"z":-0.0765288695693016,"w":0.8957008123397827},"size":8.812662124633789,"orthographic":false}