{"cameraMode":{"drawMode":0,"name":"Shaded","section":"Shading Mode"},"sceneLighting":false,"audioPlay":false,"sceneViewState":{"showFog":true,"showMaterialUpdate":false,"showSkybox":false,"showFlares":true,"showImageEffects":true,"showParticleSystems":true},"in2DMode":false,"pivot":{"x":0.06530189514160156,"y":17.206336975097658,"z":0.08860969543457031},"rotation":{"x":0.16966582834720612,"y":0.40385010838508608,"z":-0.0765288695693016,"w":0.8957008123397827},"size":7.322093963623047,"orthographic":false}