{"cameraMode":{"drawMode":0,"name":"Shaded","section":"Shading Mode"},"sceneLighting":true,"audioPlay":false,"sceneViewState":{"showFog":true,"showMaterialUpdate":true,"showSkybox":true,"showFlares":true,"showImageEffects":true,"showParticleSystems":true},"in2DMode":false,"pivot":{"x":-5.810341835021973,"y":0.07007408142089844,"z":3.865894317626953},"rotation":{"x":-0.19721509516239167,"y":0.11061105132102967,"z":-0.022400205954909326,"w":-0.9738448262214661},"size":16.09621238708496,"orthographic":false}