{"cameraMode":{"drawMode":0,"name":"Shaded","section":"Shading Mode"},"sceneLighting":true,"audioPlay":false,"sceneViewState":{"showFog":false,"showMaterialUpdate":false,"showSkybox":false,"showFlares":false,"showImageEffects":false,"showParticleSystems":false},"in2DMode":false,"pivot":{"x":0.9324430227279663,"y":0.26999998092651369,"z":0.27098944783210757},"rotation":{"x":0.3038180470466614,"y":0.0731009915471077,"z":-0.023264897987246515,"w":0.9497064352035523},"size":4.242408752441406,"orthographic":false}