{"cameraMode":{"drawMode":0,"name":"Shaded","section":"Shading Mode"},"sceneLighting":true,"audioPlay":false,"sceneViewState":{"showFog":true,"showMaterialUpdate":true,"showSkybox":true,"showFlares":true,"showImageEffects":true,"showParticleSystems":true},"in2DMode":false,"pivot":{"x":46.20895004272461,"y":-55.04402542114258,"z":65.52742767333985},"rotation":{"x":-0.2166031450033188,"y":-0.44322243332862856,"z":0.11131779104471207,"w":-0.8627344965934753},"size":135.814697265625,"orthographic":false}