{"cameraMode":{"drawMode":0,"name":"Shaded","section":"Shading Mode"},"sceneLighting":false,"audioPlay":false,"sceneViewState":{"showFog":true,"showMaterialUpdate":true,"showSkybox":false,"showFlares":true,"showImageEffects":true,"showParticleSystems":true},"in2DMode":false,"pivot":{"x":0.9300000071525574,"y":0.1589999943971634,"z":1.7619999647140504},"rotation":{"x":0.12156974524259567,"y":-0.35899367928504946,"z":0.04728563502430916,"w":0.9242148399353027},"size":0.7312182188034058,"orthographic":false}