{"cameraMode":{"drawMode":0,"name":"Shaded","section":"Shading Mode"},"sceneLighting":false,"audioPlay":false,"sceneViewState":{"showFog":false,"showMaterialUpdate":false,"showSkybox":false,"showFlares":false,"showImageEffects":false,"showParticleSystems":false},"in2DMode":false,"pivot":{"x":-80.44610595703125,"y":4.915625095367432,"z":-6.2021613121032719},"rotation":{"x":-0.17580412328243257,"y":0.3584624230861664,"z":-0.06876875460147858,"w":-0.9143479466438294},"size":27.871524810791017,"orthographic":false}