{"cameraMode":{"drawMode":0,"name":"Shaded","section":"Shading Mode"},"sceneLighting":true,"audioPlay":false,"sceneViewState":{"showFog":true,"showMaterialUpdate":true,"showSkybox":true,"showFlares":true,"showImageEffects":true,"showParticleSystems":true},"in2DMode":false,"pivot":{"x":-13.50222396850586,"y":0.22346484661102296,"z":11.2507905960083},"rotation":{"x":-0.048604223877191547,"y":0.9444085955619812,"z":-0.25863122940063479,"w":-0.2000047266483307},"size":8.749430656433106,"orthographic":false}