{"cameraMode":{"drawMode":0,"name":"Shaded","section":"Shading Mode"},"sceneLighting":true,"audioPlay":false,"sceneViewState":{"showFog":true,"showMaterialUpdate":true,"showSkybox":true,"showFlares":true,"showImageEffects":true,"showParticleSystems":true},"in2DMode":false,"pivot":{"x":23.85464096069336,"y":5.784113883972168,"z":9.217693328857422},"rotation":{"x":0.15637855231761933,"y":0.7035599946975708,"z":-0.1632162481546402,"w":0.6737992763519287},"size":30.154794692993165,"orthographic":false}