{"cameraMode":{"drawMode":0,"name":"Shaded","section":"Shading Mode"},"sceneLighting":false,"audioPlay":false,"sceneViewState":{"showFog":true,"showMaterialUpdate":true,"showSkybox":false,"showFlares":true,"showImageEffects":true,"showParticleSystems":true},"in2DMode":false,"pivot":{"x":62.55267333984375,"y":-0.6289324164390564,"z":-5.6048126220703129},"rotation":{"x":0.1051916629076004,"y":0.8782098889350891,"z":-0.22640711069107057,"w":0.4081460237503052},"size":14.176431655883789,"orthographic":false}