{"cameraMode":{"drawMode":0,"name":"Shaded","section":"Shading Mode"},"sceneLighting":false,"audioPlay":false,"sceneViewState":{"showFog":true,"showMaterialUpdate":true,"showSkybox":false,"showFlares":true,"showImageEffects":true,"showParticleSystems":true},"in2DMode":false,"pivot":{"x":54.48497009277344,"y":-0.011445820331573487,"z":1.670566201210022},"rotation":{"x":0.30199894309043887,"y":0.3579593002796173,"z":-0.12302330881357193,"w":0.8750991225242615},"size":6.977681636810303,"orthographic":false}