{"cameraMode":{"drawMode":0,"name":"Shaded","section":"Shading Mode"},"sceneLighting":false,"audioPlay":false,"sceneViewState":{"showFog":false,"showMaterialUpdate":false,"showSkybox":false,"showFlares":false,"showImageEffects":false,"showParticleSystems":false},"in2DMode":false,"pivot":{"x":-53.24346160888672,"y":0.14312505722045899,"z":-9.053010940551758},"rotation":{"x":-0.03806949406862259,"y":0.9132021069526672,"z":-0.39635592699050906,"w":-0.08754109591245651},"size":15.416654586791993,"orthographic":false}