{"cameraMode":{"drawMode":0,"name":"Shaded","section":"Shading Mode"},"sceneLighting":false,"audioPlay":false,"sceneViewState":{"showFog":false,"showMaterialUpdate":false,"showSkybox":false,"showFlares":false,"showImageEffects":false,"showParticleSystems":false},"in2DMode":false,"pivot":{"x":-54.31805419921875,"y":2.5859375,"z":-33.12792205810547},"rotation":{"x":0.5896157622337341,"y":-0.1550222486257553,"z":0.1164427399635315,"w":0.7841642498970032},"size":39.61955642700195,"orthographic":false}