{"cameraMode":{"drawMode":0,"name":"Shaded","section":"Shading Mode"},"sceneLighting":false,"audioPlay":false,"sceneViewState":{"showFog":false,"showMaterialUpdate":false,"showSkybox":false,"showFlares":false,"showImageEffects":false,"showParticleSystems":false},"in2DMode":false,"pivot":{"x":-48.843929290771487,"y":6.152099132537842,"z":-21.035919189453126},"rotation":{"x":0.6231560111045837,"y":0.17292656004428864,"z":-0.14405402541160584,"w":0.7491166591644287},"size":8.591842651367188,"orthographic":false}