{"cameraMode":{"drawMode":0,"name":"Shaded","section":"Shading Mode"},"sceneLighting":true,"audioPlay":false,"sceneViewState":{"showFog":true,"showMaterialUpdate":true,"showSkybox":true,"showFlares":true,"showImageEffects":true,"showParticleSystems":true},"in2DMode":false,"pivot":{"x":4.848930358886719,"y":-0.8223986625671387,"z":6.388800144195557},"rotation":{"x":0.08618519455194473,"y":0.5701360106468201,"z":-0.060186706483364108,"w":0.8148550987243652},"size":73.05599212646485,"orthographic":false}