{"cameraMode":{"drawMode":0,"name":"Shaded","section":"Shading Mode"},"sceneLighting":false,"audioPlay":false,"sceneViewState":{"showFog":false,"showMaterialUpdate":false,"showSkybox":false,"showFlares":false,"showImageEffects":false,"showParticleSystems":false},"in2DMode":false,"pivot":{"x":-35.9656982421875,"y":-1.3369319438934327,"z":-3.440028190612793},"rotation":{"x":-0.03806949406862259,"y":0.9132021069526672,"z":-0.39635592699050906,"w":-0.08754109591245651},"size":3.5096230506896974,"orthographic":false}