{"cameraMode":{"drawMode":0,"name":"Shaded","section":"Shading Mode"},"sceneLighting":false,"audioPlay":false,"sceneViewState":{"showFog":false,"showMaterialUpdate":false,"showSkybox":false,"showFlares":false,"showImageEffects":false,"showParticleSystems":false},"in2DMode":false,"pivot":{"x":-121.06170654296875,"y":3.0597586631774904,"z":-8.859624862670899},"rotation":{"x":-0.03806949406862259,"y":0.9132021069526672,"z":-0.39635592699050906,"w":-0.08754109591245651},"size":27.17881965637207,"orthographic":false}