{"cameraMode":{"drawMode":0,"name":"Shaded","section":"Shading Mode"},"sceneLighting":true,"audioPlay":false,"sceneViewState":{"showFog":true,"showMaterialUpdate":true,"showSkybox":true,"showFlares":true,"showImageEffects":true,"showParticleSystems":true},"in2DMode":false,"pivot":{"x":0.9307007193565369,"y":0.13812148571014405,"z":-0.7739162445068359},"rotation":{"x":-0.3370242714881897,"y":0.36580294370651247,"z":-0.14878150820732118,"w":-0.8552567362785339},"size":10.094895362854004,"orthographic":false}