{"cameraMode":{"drawMode":0,"name":"Shaded","section":"Shading Mode"},"sceneLighting":false,"audioPlay":false,"sceneViewState":{"showFog":false,"showMaterialUpdate":false,"showSkybox":false,"showFlares":false,"showImageEffects":false,"showParticleSystems":false},"in2DMode":false,"pivot":{"x":0.13583046197891236,"y":1.191796898841858,"z":-0.04553872346878052},"rotation":{"x":-0.09861554205417633,"y":-0.5707574486732483,"z":-0.06947367638349533,"w":0.8124375343322754},"size":7.195531368255615,"orthographic":false}