{"cameraMode":{"drawMode":0,"name":"Shaded","section":"Shading Mode"},"sceneLighting":false,"audioPlay":false,"sceneViewState":{"showFog":false,"showMaterialUpdate":false,"showSkybox":false,"showFlares":false,"showImageEffects":false,"showParticleSystems":false},"in2DMode":false,"pivot":{"x":0.16357922554016114,"y":0.04827463626861572,"z":0.15328562259674073},"rotation":{"x":-0.09861554205417633,"y":-0.5707574486732483,"z":-0.06947367638349533,"w":0.8124375343322754},"size":6.180832386016846,"orthographic":false}