{"cameraMode":{"drawMode":0,"name":"Shaded","section":"Shading Mode"},"sceneLighting":false,"audioPlay":false,"sceneViewState":{"showFog":false,"showMaterialUpdate":false,"showSkybox":false,"showFlares":false,"showImageEffects":false,"showParticleSystems":false},"in2DMode":false,"pivot":{"x":-60.22459030151367,"y":1.399156093597412,"z":-8.777952194213868},"rotation":{"x":-0.04198971763253212,"y":-0.003795800730586052,"z":0.0002574932004790753,"w":-0.9991844296455383},"size":18.381681442260743,"orthographic":false}