{"cameraMode":{"drawMode":0,"name":"Shaded","section":"Shading Mode"},"sceneLighting":false,"audioPlay":false,"sceneViewState":{"showFog":false,"showMaterialUpdate":false,"showSkybox":false,"showFlares":false,"showImageEffects":false,"showParticleSystems":false},"in2DMode":false,"pivot":{"x":-8.706999778747559,"y":0.34599995613098147,"z":8.475000381469727},"rotation":{"x":-0.21746785938739777,"y":0.29279476404190066,"z":-0.06791998445987702,"w":-0.9288455843925476},"size":6.615767955780029,"orthographic":false}