{"cameraMode":{"drawMode":0,"name":"Shaded","section":"Shading Mode"},"sceneLighting":false,"audioPlay":false,"sceneViewState":{"showFog":false,"showMaterialUpdate":false,"showSkybox":false,"showFlares":false,"showImageEffects":false,"showParticleSystems":false},"in2DMode":false,"pivot":{"x":-34.77630615234375,"y":-1.0331664085388184,"z":-3.709400177001953},"rotation":{"x":-0.2458825558423996,"y":0.7320540547370911,"z":-0.3321554958820343,"w":-0.5417196154594421},"size":3.859168291091919,"orthographic":false}