{"cameraMode":{"drawMode":0,"name":"Shaded","section":"Shading Mode"},"sceneLighting":true,"audioPlay":false,"sceneViewState":{"showFog":false,"showMaterialUpdate":false,"showSkybox":false,"showFlares":false,"showImageEffects":false,"showParticleSystems":false},"in2DMode":false,"pivot":{"x":-2.8899993896484377,"y":-0.5206069946289063,"z":0.6699981689453125},"rotation":{"x":0.0896013006567955,"y":-0.8641876578330994,"z":0.16616161167621613,"w":0.46652597188949587},"size":408.9388732910156,"orthographic":false}