{"cameraMode":{"drawMode":0,"name":"Shaded","section":"Shading Mode"},"sceneLighting":true,"audioPlay":false,"sceneViewState":{"showFog":true,"showMaterialUpdate":false,"showSkybox":true,"showFlares":true,"showImageEffects":true,"showParticleSystems":true},"in2DMode":false,"pivot":{"x":-0.22480259835720063,"y":6.661613941192627,"z":-0.11489248275756836},"rotation":{"x":-0.0995292067527771,"y":0.8111921548843384,"z":0.14488103985786439,"w":0.5578906536102295},"size":6.098959445953369,"orthographic":false}