{"cameraMode":{"drawMode":0,"name":"Shaded","section":"Shading Mode"},"sceneLighting":true,"audioPlay":false,"sceneViewState":{"showFog":true,"showMaterialUpdate":false,"showSkybox":true,"showFlares":true,"showImageEffects":true,"showParticleSystems":true},"in2DMode":false,"pivot":{"x":-12.869999885559082,"y":18.685646057128908,"z":-11.600000381469727},"rotation":{"x":-0.14673419296741486,"y":-0.7518448233604431,"z":0.1788284033536911,"w":-0.6175240278244019},"size":8.039554595947266,"orthographic":false}