{"cameraMode":{"drawMode":0,"name":"Shaded","section":"Shading Mode"},"sceneLighting":true,"audioPlay":false,"sceneViewState":{"showFog":false,"showMaterialUpdate":false,"showSkybox":false,"showFlares":false,"showImageEffects":false,"showParticleSystems":false},"in2DMode":false,"pivot":{"x":54.19478225708008,"y":0.5043225288391113,"z":-9.470261573791504},"rotation":{"x":0.0720103457570076,"y":-0.11939643323421478,"z":0.0088454345241189,"w":0.99027019739151},"size":1048.7386474609375,"orthographic":false}