{"cameraMode":{"drawMode":0,"name":"Shaded","section":"Shading Mode"},"sceneLighting":false,"audioPlay":false,"sceneViewState":{"showFog":false,"showMaterialUpdate":false,"showSkybox":false,"showFlares":false,"showImageEffects":false,"showParticleSystems":false},"in2DMode":false,"pivot":{"x":-0.01905083656311035,"y":0.4600161910057068,"z":-0.4557170867919922},"rotation":{"x":-0.09861554205417633,"y":-0.5707574486732483,"z":-0.06947367638349533,"w":0.8124375343322754},"size":10.610608100891114,"orthographic":false}