{"cameraMode":{"drawMode":0,"name":"Shaded","section":"Shading Mode"},"sceneLighting":false,"audioPlay":false,"sceneViewState":{"showFog":false,"showMaterialUpdate":false,"showSkybox":false,"showFlares":false,"showImageEffects":false,"showParticleSystems":false},"in2DMode":false,"pivot":{"x":-106.04612731933594,"y":4.36537504196167,"z":-7.2657928466796879},"rotation":{"x":-0.03806949406862259,"y":0.9132021069526672,"z":-0.39635592699050906,"w":-0.08754109591245651},"size":31.37953758239746,"orthographic":false}