{"cameraMode":{"drawMode":0,"name":"Shaded","section":"Shading Mode"},"sceneLighting":false,"audioPlay":false,"sceneViewState":{"showFog":true,"showMaterialUpdate":true,"showSkybox":false,"showFlares":true,"showImageEffects":true,"showParticleSystems":true},"in2DMode":false,"pivot":{"x":0.0037346407771110536,"y":0.2655453085899353,"z":0.011832430958747864},"rotation":{"x":0.029840512201189996,"y":0.8793729543685913,"z":-0.05445423349738121,"w":0.4723770320415497},"size":1.2206931114196778,"orthographic":false}