{"cameraMode":{"drawMode":0,"name":"Shaded","section":"Shading Mode"},"sceneLighting":true,"audioPlay":false,"sceneViewState":{"showFog":false,"showMaterialUpdate":false,"showSkybox":false,"showFlares":false,"showImageEffects":false,"showParticleSystems":false},"in2DMode":false,"pivot":{"x":-52.437049865722659,"y":8.843561172485352,"z":-49.31871032714844},"rotation":{"x":-0.003389245830476284,"y":0.9552029967308044,"z":-0.2970719039440155,"w":-0.01571488007903099},"size":0.5654171705245972,"orthographic":false}