{"cameraMode":{"drawMode":0,"name":"Shaded","section":"Shading Mode"},"sceneLighting":false,"audioPlay":false,"sceneViewState":{"showFog":false,"showMaterialUpdate":false,"showSkybox":false,"showFlares":false,"showImageEffects":false,"showParticleSystems":false},"in2DMode":false,"pivot":{"x":-39.8919677734375,"y":-1.6868748664855958,"z":-3.941316843032837},"rotation":{"x":-0.04198971763253212,"y":-0.003795800730586052,"z":0.0002574932004790753,"w":-0.9991844296455383},"size":4.466639518737793,"orthographic":false}