{"cameraMode":{"drawMode":0,"name":"Shaded","section":"Shading Mode"},"sceneLighting":false,"audioPlay":false,"sceneViewState":{"showFog":false,"showMaterialUpdate":false,"showSkybox":false,"showFlares":false,"showImageEffects":false,"showParticleSystems":false},"in2DMode":false,"pivot":{"x":-60.71122741699219,"y":0.46187496185302737,"z":-17.815351486206056},"rotation":{"x":-0.2458825558423996,"y":0.7320540547370911,"z":-0.3321554958820343,"w":-0.5417196154594421},"size":16.10287857055664,"orthographic":false}