{"cameraMode":{"drawMode":0,"name":"Shaded","section":"Shading Mode"},"sceneLighting":false,"audioPlay":false,"sceneViewState":{"showFog":false,"showMaterialUpdate":false,"showSkybox":false,"showFlares":false,"showImageEffects":false,"showParticleSystems":false},"in2DMode":false,"pivot":{"x":-70.43136596679688,"y":4.064728260040283,"z":-10.753385543823243},"rotation":{"x":-0.04198971763253212,"y":-0.003795800730586052,"z":0.0002574932004790753,"w":-0.9991844296455383},"size":36.2308464050293,"orthographic":false}