{"cameraMode":{"drawMode":0,"name":"Shaded","section":"Shading Mode"},"sceneLighting":false,"audioPlay":false,"sceneViewState":{"showFog":true,"showMaterialUpdate":true,"showSkybox":false,"showFlares":true,"showImageEffects":true,"showParticleSystems":true},"in2DMode":false,"pivot":{"x":-7.559999942779541,"y":31.239999771118165,"z":8.619999885559082},"rotation":{"x":0.4049653708934784,"y":-0.11199352890253067,"z":0.05011161044239998,"w":0.9060907959938049},"size":8.812662124633789,"orthographic":false}