{"cameraMode":{"drawMode":0,"name":"Shaded","section":"Shading Mode"},"sceneLighting":false,"audioPlay":false,"sceneViewState":{"showFog":false,"showMaterialUpdate":false,"showSkybox":false,"showFlares":false,"showImageEffects":false,"showParticleSystems":false},"in2DMode":false,"pivot":{"x":-45.785404205322269,"y":-1.074329137802124,"z":-4.050511837005615},"rotation":{"x":-0.2458825558423996,"y":0.7320540547370911,"z":-0.3321554958820343,"w":-0.5417196154594421},"size":6.977174758911133,"orthographic":false}